NUM_ASPIRANTE;PREG_MATEMATICAS;RESP_MATEMATICAS
10000;26;5
10001;26;5
10002;26;8
10003;26;6
10004;26;2
10005;26;7
10006;26;6
10007;26;7
10008;26;8
10009;26;7
10010;26;7
10011;26;3
10012;26;4
10013;26;5
10014;26;7
10015;26;7
10016;26;9
10017;26;1
10018;26;6
10019;26;5
10020;26;6
10021;26;8
10022;26;9
10023;26;4
10024;26;5
10025;26;7
10026;26;8
10027;26;2
10028;26;7
10029;26;4
10030;26;7
10031;26;9
10032;26;9
10033;26;5
10034;26;8
10035;26;9
10036;26;9
10037;26;9
10038;26;3
10039;26;6
10040;26;10
10041;26;10
10042;26;4
10043;26;7
10044;26;9
10045;26;6
10046;26;7
10047;26;6
10048;26;8
10049;26;8
10050;26;11
10051;26;4
10052;26;8
10053;26;7
10054;26;10
10055;26;5
10056;26;6
10057;26;8
10058;26;5
10059;26;6
10060;26;8
10061;26;5
10062;26;5
10063;26;6
10064;26;6
10065;26;9
10066;26;5
10067;26;4
10068;26;4
10069;26;6
10070;26;6
10071;26;7
10072;26;8
10073;26;10
10074;26;5
10075;26;7
10076;26;6
10077;26;7
10078;26;7
10079;26;6
10080;26;10
10081;26;6
10082;26;5
10083;26;6
10084;26;7
10085;26;8
10086;26;8
10087;26;7
10088;26;6
10089;26;6
10090;26;8
10091;26;8
10092;26;5
10093;26;8
10094;26;7
10095;26;4
10096;26;7
10097;26;6
10098;26;7
10099;26;7
10100;26;7
10101;26;5
10102;26;1
10103;26;12
10104;26;5
10105;26;9
10106;26;6
10107;26;6
10108;26;5
10109;26;4
10110;26;6
10111;26;6
10112;26;4
10113;26;5
10114;26;6
10115;26;5
10116;26;5
10117;26;6
10118;26;7
10119;26;7
10120;26;6
10121;26;7
10122;26;5
10123;26;7
10124;26;4
10125;26;5
10126;26;4
10127;26;5
10128;26;8
10129;26;8
10130;26;7
10131;26;2
10132;26;8
10133;26;4
10134;26;8
10135;26;6
10136;26;5
10137;26;4
10138;26;9
10139;26;8
10140;26;9
10141;26;6
10142;26;7
10143;26;3
10144;26;3
10145;26;5
10146;26;6
10147;26;2
10148;26;6
10149;26;8
10150;26;10
10151;26;4
10152;26;7
10153;26;6
10154;26;10
10155;26;9
10156;26;5
10157;26;7
10158;26;7
10159;26;7
10160;26;6
10161;26;8
10162;26;5
10163;26;9
10164;26;7
10165;26;4
10166;26;10
10167;26;5
10168;26;4
10169;26;4
10170;26;7
10171;26;5
10172;26;6
10173;26;6
10174;26;6
10175;26;8
10176;26;6
10177;26;4
10178;26;9
10179;26;3
10180;26;4
10181;26;7
10182;26;9
10183;26;7
10184;26;7
10185;26;6
10186;26;6
10187;26;5
10188;26;5
10189;26;7
10190;26;9
10191;26;7
10192;26;4
10193;26;6
10194;26;10
10195;26;10
10196;26;8
10197;26;3
10198;26;7
10199;26;8
10200;26;8
10201;26;5
10202;26;9
10203;26;7
10204;26;4
10205;26;6
10206;26;6
10207;26;7
10208;26;10
10209;26;9
10210;26;4
10211;26;7
10212;26;7
10213;26;10
10214;26;10
10215;26;7
10216;26;6
10217;26;7
10218;26;6
10219;26;4
10220;26;6
10221;26;5
10222;26;6
10223;26;6
10224;26;10
10225;26;5
10226;26;3
10227;26;2
10228;26;3
10229;26;11
10230;26;4
10231;26;6
10232;26;7
10233;26;8
10234;26;9
10235;26;4
10236;26;9
10237;26;5
10238;26;6
10239;26;6
10240;26;8
10241;26;4
10242;26;3
10243;26;6
10244;26;10
10245;26;6
10246;26;8
10247;26;9
10248;26;8
10249;26;8
10250;26;7
10251;26;4
10252;26;11
10253;26;11
10254;26;6
10255;26;6
10256;26;6
10257;26;7
10258;26;8
10259;26;7
10260;26;7
10261;26;5
10262;26;6
10263;26;7
10264;26;6
10265;26;6
10266;26;7
10267;26;3
10268;26;5
10269;26;3
10270;26;12
10271;26;6
10272;26;6
10273;26;6
10274;26;7
10275;26;6
10276;26;1
10277;26;9
10278;26;8
10279;26;5
10280;26;6
10281;26;5
10282;26;6
10283;26;5
10284;26;11
10285;26;5
10286;26;9
10287;26;12
10288;26;5
10289;26;7
10290;26;8
10291;26;5
10292;26;9
10293;26;7
10294;26;9
10295;26;6
10296;26;4
10297;26;7
10298;26;7
10299;26;4
10300;26;9
10301;26;6
10302;26;8
10303;26;7
10304;26;9
10305;26;7
10306;26;7
10307;26;6
10308;26;5
10309;26;8
10310;26;8
10311;26;7
10312;26;5
10313;26;7
10314;26;5
10315;26;3
10316;26;6
10317;26;4
10318;26;6
10319;26;6
10320;26;11
10321;26;8
10322;26;8
10323;26;7
10324;26;2
10325;26;8
10326;26;6
10327;26;9
10328;26;6
10329;26;6
10330;26;6
10331;26;9
10332;26;7
10333;26;8
10334;26;6
10335;26;5
10336;26;10
10337;26;11
10338;26;6
10339;26;10
10340;26;10
10341;26;8
10342;26;9
10343;26;6
10344;26;4
10345;26;6
10346;26;5
10347;26;10
10348;26;8
10349;26;7
10350;26;11
10351;26;6
10352;26;5
10353;26;6
10354;26;10
10355;26;2
10356;26;5
10357;26;6
10358;26;6
10359;26;6
10360;26;7
10361;26;5
10362;26;6
10363;26;11
10364;26;4
10365;26;7
10366;26;5
10367;26;9
10368;26;13
10369;26;4
10370;26;5
10371;26;7
10372;26;8
10373;26;9
10374;26;10
10375;26;7
10376;26;9
10377;26;6
10378;26;4
10379;26;4
10380;26;4
10381;26;7
10382;26;10
10383;26;2
10384;26;8
10385;26;5
10386;26;12
10387;26;5
10388;26;7
10389;26;6
10390;26;4
10391;26;4
10392;26;6
10393;26;7
10394;26;4
10395;26;8
10396;26;12
10397;26;7
10398;26;10
10399;26;6
10400;26;5
10401;26;8
10402;26;7
10403;26;5
10404;26;7
10405;26;5
10406;26;4
10407;26;6
10408;26;8
10409;26;5
10410;26;4
10411;26;7
10412;26;6
10413;26;5
10414;26;5
10415;26;11
10416;26;6
10417;26;7
10418;26;10
10419;26;5
10420;26;8
10421;26;6
10422;26;8
10423;26;6
10424;26;6
10425;26;5
10426;26;5
10427;26;6
10428;26;5
10429;26;7
10430;26;4
10431;26;3
10432;26;13
10433;26;4
10434;26;8
10435;26;8
10436;26;8
10437;26;5
10438;26;5
10439;26;5
10440;26;9
10441;26;3
10442;26;3
10443;26;6
10444;26;7
10445;26;12
10446;26;6
10447;26;7
10448;26;12
10449;26;6
10450;26;9
10451;26;7
10452;26;9
10453;26;6
10454;26;9
10455;26;9
10456;26;6
10457;26;8
10458;26;8
10459;26;4
10460;26;1
10461;26;7
10462;26;4
10463;26;4
10464;26;3
10465;26;8
10466;26;7
10467;26;8
10468;26;5
10469;26;7
10470;26;6
10471;26;9
10472;26;11
10473;26;10
10474;26;9
10475;26;6
10476;26;5
10477;26;2
10478;26;5
10479;26;5
10480;26;3
10481;26;7
10482;26;8
10483;26;10
10484;26;5
10485;26;7
10486;26;6
10487;26;6
10488;26;6
10489;26;4
10490;26;4
10491;26;6
10492;26;6
10493;26;5
10494;26;5
10495;26;9
10496;26;2
10497;26;4
10498;26;6
10499;26;8
10500;26;7
10501;26;4
10502;26;6
10503;26;6
10504;26;6
10505;26;4
10506;26;3
10507;26;4
10508;26;7
10509;26;6
10510;26;10
10511;26;8
10512;26;7
10513;26;3
10514;26;7
10515;26;4
10516;26;5
10517;26;5
10518;26;6
10519;26;5
10520;26;8
10521;26;9
10522;26;6
10523;26;6
10524;26;7
10525;26;5
10526;26;8
10527;26;3
10528;26;9
10529;26;8
10530;26;6
10531;26;7
10532;26;7
10533;26;8
10534;26;11
10535;26;7
10536;26;10
10537;26;9
10538;26;6
10539;26;6
10540;26;8
10541;26;7
10542;26;8
10543;26;5
10544;26;3
10545;26;7
10546;26;3
10547;26;2
10548;26;6
10549;26;5
10550;26;5
10551;26;6
10552;26;5
10553;26;6
10554;26;9
10555;26;8
10556;26;7
10557;26;9
10558;26;5
10559;26;5
10560;26;7
10561;26;5
10562;26;6
10563;26;8
10564;26;7
10565;26;4
10566;26;8
10567;26;1
10568;26;6
10569;26;9
10570;26;6
10571;26;7
10572;26;1
10573;26;12
10574;26;7
10575;26;5
10576;26;3
10577;26;4
10578;26;5
10579;26;7
10580;26;5
10581;26;7
10582;26;4
10583;26;6
10584;26;6
10585;26;9
10586;26;6
10587;26;9
10588;26;5
10589;26;8
10590;26;9
10591;26;12
10592;26;4
10593;26;9
10594;26;5
10595;26;4
10596;26;7
10597;26;7
10598;26;8
10599;26;4
10600;26;4
10601;26;8
10602;26;6
10603;26;6
10604;26;4
10605;26;8
10606;26;5
10607;26;10
10608;26;9
10609;26;5
10610;26;4
10611;26;6
10612;26;4
10613;26;3
10614;26;3
10615;26;2
10616;26;8
10617;26;5
10618;26;11
10619;26;4
10620;26;3
10621;26;3
10622;26;10
10623;26;4
10624;26;9
10625;26;6
10626;26;8
10627;26;4
10628;26;7
10629;26;9
10630;26;4
10631;26;6
10632;26;8
10633;26;6
10634;26;10
10635;26;9
10636;26;5
10637;26;6
10638;26;5
10639;26;8
10640;26;6
10641;26;7
10642;26;5
10643;26;6
10644;26;4
10645;26;5
10646;26;11
10647;26;6
10648;26;5
10649;26;8
10650;26;6
10651;26;10
10652;26;5
10653;26;6
10654;26;4
10655;26;7
10656;26;9
10657;26;8
10658;26;3
10659;26;3
10660;26;5
10661;26;7
10662;26;9
10663;26;9
10664;26;7
10665;26;3
10666;26;5
10667;26;7
10668;26;6
10669;26;7
10670;26;5
10671;26;7
10672;26;8
10673;26;6
10674;26;9
10675;26;9
10676;26;5
10677;26;9
10678;26;8
10679;26;7
10680;26;5
10681;26;8
10682;26;6
10683;26;8
10684;26;8
10685;26;8
10686;26;11
10687;26;3
10688;26;9
10689;26;6
10690;26;4
10691;26;6
10692;26;6
10693;26;8
10694;26;7
10695;26;6
10696;26;8
10697;26;8
10698;26;6
10699;26;5
10700;26;8
10701;26;11
10702;26;4
10703;26;9
10704;26;6
10705;26;5
10706;26;7
10707;26;4
10708;26;9
10709;26;7
10710;26;6
10711;26;7
10712;26;10
10713;26;4
10714;26;11
10715;26;6
10716;26;6
10717;26;6
10718;26;7
10719;26;8
10720;26;5
10721;26;8
10722;26;3
10723;26;5
10724;26;11
10725;26;10
10726;26;8
10727;26;14
10728;26;8
10729;26;4
10730;26;7
10731;26;9
10732;26;6
10733;26;4
10734;26;8
10735;26;6
10736;26;6
10737;26;7
10738;26;6
10739;26;1
10740;26;4
10741;26;8
10742;26;6
10743;26;7
10744;26;7
10745;26;5
10746;26;0
10747;26;12
10748;26;3
10749;26;6
10750;26;8
10751;26;4
10752;26;7
10753;26;6
10754;26;5
10755;26;5
10756;26;5
10757;26;5
10758;26;8
10759;26;6
10760;26;10
10761;26;11
10762;26;5
10763;26;6
10764;26;9
10765;26;13
10766;26;8
10767;26;5
10768;26;5
10769;26;3
10770;26;8
10771;26;9
10772;26;9
10773;26;6
10774;26;8
10775;26;10
10776;26;6
10777;26;7
10778;26;5
10779;26;7
10780;26;5
10781;26;7
10782;26;8
10783;26;7
10784;26;6
10785;26;7
10786;26;4
10787;26;7
10788;26;3
10789;26;5
10790;26;9
10791;26;3
10792;26;6
10793;26;3
10794;26;7
10795;26;5
10796;26;5
10797;26;5
10798;26;7
10799;26;3
10800;26;7
10801;26;8
10802;26;9
10803;26;9
10804;26;13
10805;26;7
10806;26;13
10807;26;9
10808;26;8
10809;26;8
10810;26;7
10811;26;9
10812;26;8
10813;26;6
10814;26;8
10815;26;6
10816;26;6
10817;26;3
10818;26;8
10819;26;6
10820;26;7
10821;26;4
10822;26;11
10823;26;5
10824;26;7
10825;26;6
10826;26;9
10827;26;9
10828;26;7
10829;26;7
10830;26;8
10831;26;7
10832;26;8
10833;26;11
10834;26;4
10835;26;6
10836;26;8
10837;26;4
10838;26;5
10839;26;10
10840;26;4
10841;26;8
10842;26;5
10843;26;6
10844;26;8
10845;26;6
10846;26;10
10847;26;5
10848;26;6
10849;26;3
10850;26;8
10851;26;6
10852;26;5
10853;26;4
10854;26;4
10855;26;7
10856;26;3
10857;26;5
10858;26;10
10859;26;5
10860;26;6
10861;26;3
10862;26;6
10863;26;4
10864;26;4
10865;26;3
10866;26;9
10867;26;6
10868;26;7
10869;26;5
10870;26;4
10871;26;9
10872;26;6
10873;26;3
10874;26;6
10875;26;5
10876;26;6
10877;26;9
10878;26;5
10879;26;10
10880;26;11
10881;26;4
10882;26;7
10883;26;4
10884;26;3
10885;26;6
10886;26;5
10887;26;6
10888;26;10
10889;26;7
10890;26;4
10891;26;7
10892;26;3
10893;26;5
10894;26;7
10895;26;8
10896;26;5
10897;26;4
10898;26;9
10899;26;6
10900;26;5
10901;26;11
10902;26;3
10903;26;5
10904;26;5
10905;26;7
10906;26;6
10907;26;6
10908;26;9
10909;26;6
10910;26;5
10911;26;5
10912;26;7
10913;26;7
10914;26;4
10915;26;5
10916;26;9
10917;26;3
10918;26;7
10919;26;3
10920;26;7
10921;26;6
10922;26;10
10923;26;7
10924;26;8
10925;26;5
10926;26;9
10927;26;4
10928;26;4
10929;26;9
10930;26;9
10931;26;5
10932;26;8
10933;26;4
10934;26;6
10935;26;6
10936;26;8
10937;26;5
10938;26;7
10939;26;9
10940;26;6
10941;26;5
10942;26;7
10943;26;5
10944;26;10
10945;26;9
10946;26;6
10947;26;7
10948;26;7
10949;26;6
10950;26;7
10951;26;6
10952;26;6
10953;26;4
10954;26;7
10955;26;9
10956;26;6
10957;26;8
10958;26;5
10959;26;6
10960;26;8
10961;26;5
10962;26;6
10963;26;5
10964;26;10
10965;26;8
10966;26;4
10967;26;7
10968;26;10
10969;26;8
10970;26;9
10971;26;5
10972;26;4
10973;26;7
10974;26;6
10975;26;7
10976;26;5
10977;26;8
10978;26;5
10979;26;6
10980;26;6
10981;26;6
10982;26;5
10983;26;7
10984;26;7
10985;26;5
10986;26;6
10987;26;8
10988;26;6
10989;26;6
10990;26;5
10991;26;5
10992;26;4
10993;26;7
10994;26;5
10995;26;6
10996;26;5
10997;26;3
10998;26;6
10999;26;4
11000;26;3
11001;26;11
11002;26;6
11003;26;7
11004;26;9
11005;26;6
11006;26;8
11007;26;14
11008;26;6
11009;26;5
11010;26;6
11011;26;5
11012;26;5
11013;26;0
11014;26;9
11015;26;4
11016;26;10
11017;26;5
11018;26;10
11019;26;3
11020;26;11
11021;26;9
11022;26;8
11023;26;3
11024;26;5
11025;26;6
11026;26;6
11027;26;4
11028;26;3
11029;26;7
11030;26;7
11031;26;5
11032;26;3
11033;26;8
11034;26;10
11035;26;8
11036;26;7
11037;26;3
11038;26;7
11039;26;9
11040;26;3
11041;26;6
11042;26;7
11043;26;5
11044;26;8
11045;26;5
11046;26;6
11047;26;5
11048;26;6
11049;26;3
11050;26;9
11051;26;7
11052;26;8
11053;26;3
11054;26;8
11055;26;9
11056;26;4
11057;26;10
11058;26;11
11059;26;13
11060;26;5
11061;26;9
11062;26;5
11063;26;6
11064;26;9
11065;26;5
11066;26;6
11067;26;6
11068;26;6
11069;26;10
11070;26;4
11071;26;1
11072;26;12
11073;26;8
11074;26;9
11075;26;6
11076;26;8
11077;26;4
11078;26;8
11079;26;5
11080;26;7
11081;26;6
11082;26;5
11083;26;6
11084;26;10
11085;26;7
11086;26;8
11087;26;8
11088;26;8
11089;26;7
11090;26;5
11091;26;3
11092;26;8
11093;26;8
11094;26;8
11095;26;9
11096;26;4
11097;26;2
11098;26;5
11099;26;6
11100;26;9
11101;26;7
11102;26;7
11103;26;9
11104;26;9
11105;26;5
11106;26;8
11107;26;4
11108;26;9
11109;26;4
11110;26;6
11111;26;6
11112;26;6
11113;26;7
11114;26;7
11115;26;9
11116;26;7
11117;26;6
11118;26;9
11119;26;5
11120;26;3
11121;26;8
11122;26;5
11123;26;3
11124;26;9
11125;26;8
11126;26;6
11127;26;6
11128;26;5
11129;26;1
11130;26;5
11131;26;5
11132;26;10
11133;26;5
11134;26;8
11135;26;4
11136;26;5
11137;26;11
11138;26;10
11139;26;4
11140;26;7
11141;26;2
11142;26;8
11143;26;4
11144;26;9
11145;26;3
11146;26;8
11147;26;6
11148;26;7
11149;26;5
11150;26;8
11151;26;8
11152;26;10
11153;26;5
11154;26;9
11155;26;9
11156;26;11
11157;26;6
11158;26;5
11159;26;10
11160;26;7
11161;26;4
11162;26;7
11163;26;6
11164;26;6
11165;26;7
11166;26;6
11167;26;9
11168;26;5
11169;26;8
11170;26;6
11171;26;11
11172;26;4
11173;26;8
11174;26;5
11175;26;10
11176;26;7
11177;26;8
11178;26;9
11179;26;8
11180;26;6
11181;26;5
11182;26;3
11183;26;6
11184;26;8
11185;26;3
11186;26;10
11187;26;7
11188;26;9
11189;26;7
11190;26;4
11191;26;9
11192;26;4
11193;26;8
11194;26;8
11195;26;7
11196;26;5
11197;26;10
11198;26;10
11199;26;6
11200;26;8
11201;26;4
11202;26;6
11203;26;7
11204;26;7
11205;26;6
11206;26;3
11207;26;6
11208;26;7
11209;26;5
11210;26;6
11211;26;5
11212;26;5
11213;26;4
11214;26;6
11215;26;10
11216;26;8
11217;26;8
11218;26;5
11219;26;10
11220;26;6
11221;26;6
11222;26;6
11223;26;4
11224;26;7
11225;26;2
11226;26;4
11227;26;7
11228;26;10
11229;26;8
11230;26;3
11231;26;5
11232;26;4
11233;26;2
11234;26;5
11235;26;4
11236;26;10
11237;26;8
11238;26;8
11239;26;4
11240;26;6
11241;26;5
11242;26;11
11243;26;6
11244;26;11
11245;26;9
11246;26;6
11247;26;8
11248;26;7
11249;26;6
11250;26;9
11251;26;4
11252;26;5
11253;26;8
11254;26;6
11255;26;8
11256;26;7
11257;26;3
11258;26;8
11259;26;9
11260;26;9
11261;26;3
11262;26;8
11263;26;7
11264;26;8
11265;26;8
11266;26;5
11267;26;6
11268;26;4
11269;26;9
11270;26;7
11271;26;3
11272;26;8
11273;26;6
11274;26;6
11275;26;6
11276;26;8
11277;26;7
11278;26;8
11279;26;4
11280;26;10
11281;26;6
11282;26;5
11283;26;8
11284;26;6
11285;26;7
11286;26;7
11287;26;8
11288;26;5
11289;26;8
11290;26;3
11291;26;11
11292;26;5
11293;26;7
11294;26;7
11295;26;6
11296;26;9
11297;26;3
11298;26;5
11299;26;4
11300;26;7
11301;26;4
11302;26;5
11303;26;4
11304;26;13
11305;26;4
11306;26;5
11307;26;6
11308;26;5
11309;26;5
11310;26;8
11311;26;4
11312;26;8
11313;26;6
11314;26;8
11315;26;9
11316;26;5
11317;26;7
11318;26;10
11319;26;6
11320;26;8
11321;26;6
11322;26;6
11323;26;5
11324;26;9
11325;26;1
11326;26;3
11327;26;4
11328;26;5
11329;26;1
11330;26;5
11331;26;5
11332;26;4
11333;26;5
11334;26;6
11335;26;10
11336;26;8
11337;26;9
11338;26;7
11339;26;6
11340;26;5
11341;26;4
11342;26;6
11343;26;5
11344;26;7
11345;26;7
11346;26;5
11347;26;6
11348;26;6
11349;26;7
11350;26;7
11351;26;9
11352;26;7
11353;26;3
11354;26;5
11355;26;4
11356;26;7
11357;26;9
11358;26;7
11359;26;6
11360;26;11
11361;26;7
11362;26;9
11363;26;7
11364;26;6
11365;26;5
11366;26;10
11367;26;6
11368;26;4
11369;26;8
11370;26;6
11371;26;5
11372;26;7
11373;26;5
11374;26;4
11375;26;10
11376;26;6
11377;26;8
11378;26;8
11379;26;5
11380;26;6
11381;26;6
11382;26;6
11383;26;5
11384;26;7
11385;26;7
11386;26;7
11387;26;9
11388;26;4
11389;26;5
11390;26;8
11391;26;5
11392;26;9
11393;26;3
11394;26;7
11395;26;5
11396;26;5
11397;26;8
11398;26;9
11399;26;7
11400;26;7
11401;26;7
11402;26;7
11403;26;4
11404;26;7
11405;26;9
11406;26;6
11407;26;6
11408;26;12
11409;26;8
11410;26;4
11411;26;5
11412;26;1
11413;26;8
11414;26;8
11415;26;10
11416;26;9
11417;26;3
11418;26;9
11419;26;12
11420;26;9
11421;26;9
11422;26;8
11423;26;9
11424;26;4
11425;26;7
11426;26;4
11427;26;1
11428;26;5
11429;26;12
11430;26;4
11431;26;5
11432;26;8
11433;26;8
11434;26;6
11435;26;8
11436;26;3
11437;26;9
11438;26;4
11439;26;4
11440;26;7
11441;26;7
11442;26;8
11443;26;4
11444;26;6
11445;26;7
11446;26;5
11447;26;4
11448;26;6
11449;26;8
11450;26;7
11451;26;9
11452;26;7
11453;26;6
11454;26;5
11455;26;7
11456;26;4
11457;26;2
11458;26;9
11459;26;10
11460;26;7
11461;26;4
11462;26;9
11463;26;5
11464;26;2
11465;26;8
11466;26;8
11467;26;8
11468;26;7
11469;26;5
11470;26;7
11471;26;7
11472;26;4
11473;26;8
11474;26;7
11475;26;4
11476;26;8
11477;26;8
11478;26;10
11479;26;7
11480;26;7
11481;26;8
11482;26;6
11483;26;13
11484;26;7
11485;26;11
11486;26;6
11487;26;7
11488;26;7
11489;26;7
11490;26;8
11491;26;5
11492;26;8
11493;26;6
11494;26;5
11495;26;6
11496;26;4
11497;26;2
11498;26;4
11499;26;5
11500;26;3
11501;26;5
11502;26;4
11503;26;9
11504;26;8
11505;26;8
11506;26;6
11507;26;9
11508;26;9
11509;26;6
11510;26;9
11511;26;7
11512;26;8
11513;26;3
11514;26;6
11515;26;6
11516;26;4
11517;26;9
11518;26;4
11519;26;4
11520;26;10
11521;26;8
11522;26;6
11523;26;7
11524;26;5
11525;26;3
11526;26;4
11527;26;7
11528;26;8
11529;26;10
11530;26;9
11531;26;5
11532;26;10
11533;26;6
11534;26;12
11535;26;7
11536;26;8
11537;26;7
11538;26;7
11539;26;7
11540;26;8
11541;26;7
11542;26;9
11543;26;4
11544;26;8
11545;26;7
11546;26;4
11547;26;8
11548;26;9
11549;26;6
11550;26;9
11551;26;2
11552;26;6
11553;26;8
11554;26;10
11555;26;9
11556;26;4
11557;26;8
11558;26;8
11559;26;8
11560;26;4
11561;26;5
11562;26;1
11563;26;5
11564;26;4
11565;26;6
11566;26;5
11567;26;7
11568;26;9
11569;26;7
11570;26;3
11571;26;8
11572;26;10
11573;26;7
11574;26;7
11575;26;5
11576;26;5
11577;26;9
11578;26;6
11579;26;4
11580;26;4
11581;26;6
11582;26;8
11583;26;6
11584;26;7
11585;26;7
11586;26;7
11587;26;5
11588;26;3
11589;26;5
11590;26;4
11591;26;4
11592;26;9
11593;26;5
11594;26;8
11595;26;8
11596;26;5
11597;26;2
11598;26;4
11599;26;12
11600;26;8
11601;26;9
11602;26;6
11603;26;7
11604;26;4
11605;26;6
11606;26;10
11607;26;8
11608;26;9
11609;26;6
11610;26;6
11611;26;6
11612;26;5
11613;26;5
11614;26;9
11615;26;6
11616;26;9
11617;26;12
11618;26;4
11619;26;13
11620;26;7
11621;26;4
11622;26;5
11623;26;12
11624;26;5
11625;26;4
11626;26;9
11627;26;5
11628;26;5
11629;26;7
11630;26;8
11631;26;5
11632;26;9
11633;26;3
11634;26;6
11635;26;8
11636;26;8
11637;26;11
11638;26;7
11639;26;8
11640;26;4
11641;26;5
11642;26;4
11643;26;5
11644;26;11
11645;26;7
11646;26;9
11647;26;10
11648;26;7
11649;26;5
11650;26;8
11651;26;9
11652;26;7
11653;26;5
11654;26;5
11655;26;7
11656;26;8
11657;26;5
11658;26;7
11659;26;4
11660;26;9
11661;26;4
11662;26;7
11663;26;7
11664;26;6
11665;26;6
11666;26;4
11667;26;5
11668;26;7
11669;26;5
11670;26;5
11671;26;4
11672;26;10
11673;26;4
11674;26;3
11675;26;6
11676;26;10
11677;26;9
11678;26;4
11679;26;4
11680;26;10
11681;26;9
11682;26;4
11683;26;5
11684;26;8
11685;26;9
11686;26;11
11687;26;7
11688;26;10
11689;26;11
11690;26;7
11691;26;3
11692;26;6
11693;26;9
11694;26;5
11695;26;5
11696;26;8
11697;26;3
11698;26;7
11699;26;5
11700;26;4
11701;26;6
11702;26;9
11703;26;7
11704;26;7
11705;26;4
11706;26;6
11707;26;6
11708;26;6
11709;26;9
11710;26;6
11711;26;4
11712;26;3
11713;26;5
11714;26;9
11715;26;3
11716;26;5
11717;26;4
11718;26;8
11719;26;7
11720;26;7
11721;26;3
11722;26;7
11723;26;3
11724;26;9
11725;26;6
11726;26;5
11727;26;4
11728;26;8
11729;26;12
11730;26;7
11731;26;7
11732;26;7
11733;26;5
11734;26;4
11735;26;7
11736;26;7
11737;26;7
11738;26;9
11739;26;6
11740;26;7
11741;26;5
11742;26;8
11743;26;10
11744;26;12
11745;26;8
11746;26;9
11747;26;4
11748;26;5
11749;26;4
11750;26;9
11751;26;6
11752;26;7
11753;26;7
11754;26;3
11755;26;10
11756;26;6
11757;26;7
11758;26;4
11759;26;5
11760;26;6
11761;26;7
11762;26;5
11763;26;5
11764;26;5
11765;26;7
11766;26;5
11767;26;7
11768;26;5
11769;26;6
11770;26;12
11771;26;4
11772;26;7
11773;26;9
11774;26;12
11775;26;5
11776;26;7
11777;26;7
11778;26;3
11779;26;9
11780;26;5
11781;26;6
11782;26;6
11783;26;6
11784;26;5
11785;26;4
11786;26;8
11787;26;6
11788;26;7
11789;26;4
11790;26;5
11791;26;5
11792;26;8
11793;26;6
11794;26;10
11795;26;9
11796;26;2
11797;26;7
11798;26;3
11799;26;5
11800;26;9
11801;26;5
11802;26;10
11803;26;6
11804;26;6
11805;26;6
11806;26;4
11807;26;3
11808;26;6
11809;26;7
11810;26;8
11811;26;6
11812;26;4
11813;26;3
11814;26;2
11815;26;8
11816;26;3
11817;26;11
11818;26;5
11819;26;6
11820;26;3
11821;26;3
11822;26;10
11823;26;8
11824;26;7
11825;26;8
11826;26;9
11827;26;5
11828;26;10
11829;26;9
11830;26;7
11831;26;6
11832;26;3
11833;26;7
11834;26;6
11835;26;6
11836;26;10
11837;26;5
11838;26;7
11839;26;9
11840;26;8
11841;26;7
11842;26;7
11843;26;12
11844;26;6
11845;26;6
11846;26;5
11847;26;3
11848;26;9
11849;26;9
11850;26;5
11851;26;5
11852;26;6
11853;26;7
11854;26;7
11855;26;9
11856;26;10
11857;26;4
11858;26;4
11859;26;2
11860;26;10
11861;26;4
11862;26;7
11863;26;7
11864;26;9
11865;26;5
11866;26;2
11867;26;7
11868;26;5
11869;26;4
11870;26;6
11871;26;5
11872;26;9
11873;26;9
11874;26;9
11875;26;7
11876;26;7
11877;26;4
11878;26;5
11879;26;3
11880;26;11
11881;26;5
11882;26;5
11883;26;5
11884;26;7
11885;26;5
11886;26;7
11887;26;5
11888;26;10
11889;26;5
11890;26;7
11891;26;8
11892;26;11
11893;26;4
11894;26;6
11895;26;7
11896;26;5
11897;26;4
11898;26;10
11899;26;7
11900;26;6
11901;26;8
11902;26;6
11903;26;7
11904;26;6
11905;26;5
11906;26;3
11907;26;4
11908;26;5
11909;26;9
11910;26;11
11911;26;3
11912;26;4
11913;26;9
11914;26;6
11915;26;6
11916;26;7
11917;26;5
11918;26;7
11919;26;6
11920;26;7
11921;26;4
11922;26;4
11923;26;6
11924;26;3
11925;26;5
11926;26;8
11927;26;10
11928;26;7
11929;26;7
11930;26;8
11931;26;4
11932;26;6
11933;26;6
11934;26;8
11935;26;7
11936;26;7
11937;26;7
11938;26;7
11939;26;9
11940;26;5
11941;26;10
11942;26;5
11943;26;9
11944;26;6
11945;26;7
11946;26;6
11947;26;10
11948;26;3
11949;26;9
11950;26;6
11951;26;8
11952;26;3
11953;26;6
11954;26;6
11955;26;7
11956;26;11
11957;26;8
11958;26;4
11959;26;9
11960;26;9
11961;26;10
11962;26;2
11963;26;8
11964;26;4
11965;26;7
11966;26;11
11967;26;12
11968;26;9
11969;26;7
11970;26;5
11971;26;9
11972;26;11
11973;26;4
11974;26;9
11975;26;7
11976;26;6
11977;26;8
11978;26;5
11979;26;4
11980;26;7
11981;26;3
11982;26;11
11983;26;7
11984;26;6
11985;26;9
11986;26;5
11987;26;5
11988;26;7
11989;26;5
11990;26;7
11991;26;6
11992;26;6
11993;26;4
11994;26;2
11995;26;7
11996;26;8
11997;26;7
11998;26;4
11999;26;7
12000;26;7
12001;26;5
12002;26;6
12003;26;9
12004;26;13
12005;26;6
12006;26;3
12007;26;8
12008;26;6
12009;26;5
12010;26;3
12011;26;10
12012;26;6
12013;26;6
12014;26;9
12015;26;4
12016;26;10
12017;26;5
12018;26;6
12019;26;9
12020;26;8
12021;26;6
12022;26;7
12023;26;7
12024;26;9
12025;26;9
12026;26;6
12027;26;5
12028;26;8
12029;26;4
12030;26;5
12031;26;9
12032;26;10
12033;26;5
12034;26;4
12035;26;9
12036;26;6
12037;26;11
12038;26;4
12039;26;10
12040;26;10
12041;26;7
12042;26;4
12043;26;5
12044;26;5
12045;26;7
12046;26;10
12047;26;6
12048;26;5
12049;26;8
12050;26;6
12051;26;8
12052;26;7
12053;26;4
12054;26;6
12055;26;8
12056;26;4
12057;26;6
12058;26;8
12059;26;5
12060;26;8
12061;26;4
12062;26;7
12063;26;5
12064;26;5
12065;26;5
12066;26;4
12067;26;9
12068;26;10
12069;26;7
12070;26;8
12071;26;10
12072;26;5
12073;26;6
12074;26;7
12075;26;9
12076;26;8
12077;26;4
12078;26;7
12079;26;4
12080;26;8
12081;26;6
12082;26;5
12083;26;6
12084;26;7
12085;26;4
12086;26;9
12087;26;7
12088;26;8
12089;26;7
12090;26;8
12091;26;8
12092;26;10
12093;26;6
12094;26;7
12095;26;8
12096;26;3
12097;26;4
12098;26;5
12099;26;9
12100;26;7
12101;26;10
12102;26;7
12103;26;4
12104;26;6
12105;26;5
12106;26;5
12107;26;4
12108;26;4
12109;26;8
12110;26;5
12111;26;8
12112;26;8
12113;26;6
12114;26;8
12115;26;5
12116;26;6
12117;26;3
12118;26;6
12119;26;4
12120;26;11
12121;26;4
12122;26;6
12123;26;6
12124;26;6
12125;26;6
12126;26;5
12127;26;7
12128;26;3
12129;26;14
12130;26;8
12131;26;6
12132;26;8
12133;26;10
12134;26;5
12135;26;5
12136;26;7
12137;26;6
12138;26;7
12139;26;6
12140;26;10
12141;26;5
12142;26;4
12143;26;5
12144;26;7
12145;26;10
12146;26;8
12147;26;3
12148;26;9
12149;26;2
12150;26;3
12151;26;9
12152;26;10
12153;26;8
12154;26;5
12155;26;9
12156;26;4
12157;26;7
12158;26;9
12159;26;5
12160;26;7
12161;26;12
12162;26;11
12163;26;6
12164;26;11
12165;26;4
12166;26;5
12167;26;9
12168;26;9
12169;26;3
12170;26;2
12171;26;4
12172;26;9
12173;26;5
12174;26;3
12175;26;6
12176;26;5
12177;26;4
12178;26;5
12179;26;4
12180;26;8
12181;26;5
12182;26;6
12183;26;6
12184;26;3
12185;26;2
12186;26;6
12187;26;8
12188;26;7
12189;26;8
12190;26;5
12191;26;7
12192;26;6
12193;26;9
12194;26;3
12195;26;8
12196;26;5
12197;26;7
12198;26;8
12199;26;9
12200;26;7
12201;26;9
12202;26;6
12203;26;5
12204;26;6
12205;26;7
12206;26;6
12207;26;5
12208;26;6
12209;26;7
12210;26;10
12211;26;6
12212;26;7
12213;26;9
12214;26;6
12215;26;8
12216;26;5
12217;26;7
12218;26;8
12219;26;11
12220;26;4
12221;26;9
12222;26;3
12223;26;4
12224;26;3
12225;26;7
12226;26;8
12227;26;3
12228;26;10
12229;26;8
12230;26;6
12231;26;6
12232;26;7
12233;26;7
12234;26;5
12235;26;11
12236;26;6
12237;26;4
12238;26;8
12239;26;5
12240;26;8
12241;26;4
12242;26;6
12243;26;9
12244;26;5
12245;26;4
12246;26;5
12247;26;12
12248;26;7
12249;26;6
12250;26;8
12251;26;7
12252;26;5
12253;26;7
12254;26;6
12255;26;8
12256;26;5
12257;26;6
12258;26;12
12259;26;8
12260;26;8
12261;26;7
12262;26;2
12263;26;9
12264;26;11
12265;26;7
12266;26;8
12267;26;3
12268;26;10
12269;26;3
12270;26;9
12271;26;6
12272;26;6
12273;26;3
12274;26;9
12275;26;8
12276;26;10
12277;26;4
12278;26;6
12279;26;5
12280;26;12
12281;26;9
12282;26;12
12283;26;6
12284;26;4
12285;26;7
12286;26;11
12287;26;5
12288;26;5
12289;26;6
12290;26;8
12291;26;3
12292;26;9
12293;26;2
12294;26;8
12295;26;8
12296;26;3
12297;26;4
12298;26;7
12299;26;7
12300;26;9
12301;26;5
12302;26;9
12303;26;4
12304;26;7
12305;26;3
12306;26;11
12307;26;2
12308;26;5
12309;26;4
12310;26;8
12311;26;7
12312;26;3
12313;26;8
12314;26;8
12315;26;7
12316;26;6
12317;26;8
12318;26;6
12319;26;8
12320;26;7
12321;26;3
12322;26;7
12323;26;6
12324;26;7
12325;26;2
12326;26;7
12327;26;4
12328;26;8
12329;26;6
12330;26;5
12331;26;8
12332;26;6
12333;26;4
12334;26;6
12335;26;3
12336;26;8
12337;26;10
12338;26;10
12339;26;9
12340;26;5
12341;26;8
12342;26;6
12343;26;7
12344;26;9
12345;26;3
12346;26;11
12347;26;8
12348;26;8
12349;26;5
12350;26;7
12351;26;6
12352;26;12
12353;26;4
12354;26;7
12355;26;6
12356;26;4
12357;26;4
12358;26;4
12359;26;9
12360;26;6
12361;26;4
12362;26;8
12363;26;4
12364;26;9
12365;26;3
12366;26;6
12367;26;4
12368;26;9
12369;26;8
12370;26;6
12371;26;6
12372;26;8
12373;26;7
12374;26;5
12375;26;9
12376;26;4
12377;26;5
12378;26;9
12379;26;6
12380;26;8
12381;26;6
12382;26;3
12383;26;4
12384;26;3
12385;26;9
12386;26;5
12387;26;3
12388;26;10
12389;26;4
12390;26;5
12391;26;4
12392;26;9
12393;26;6
12394;26;5
12395;26;6
12396;26;7
12397;26;4
12398;26;10
12399;26;8
12400;26;7
12401;26;10
12402;26;7
12403;26;5
12404;26;5
12405;26;7
12406;26;7
12407;26;4
12408;26;6
12409;26;4
12410;26;7
12411;26;7
12412;26;5
12413;26;11
12414;26;2
12415;26;11
12416;26;5
12417;26;6
12418;26;8
12419;26;6
12420;26;9
12421;26;6
12422;26;6
12423;26;3
12424;26;6
12425;26;2
12426;26;7
12427;26;10
12428;26;7
12429;26;4
12430;26;8
12431;26;8
12432;26;11
12433;26;7
12434;26;7
12435;26;7
12436;26;8
12437;26;6
12438;26;9
12439;26;8
12440;26;5
12441;26;3
12442;26;3
12443;26;7
12444;26;12
12445;26;5
12446;26;4
12447;26;4
12448;26;7
12449;26;5
12450;26;6
12451;26;6
12452;26;5
12453;26;7
12454;26;9
12455;26;5
12456;26;9
12457;26;3
12458;26;3
12459;26;8
12460;26;6
12461;26;2
12462;26;11
12463;26;8
12464;26;4
12465;26;6
12466;26;9
12467;26;9
12468;26;7
12469;26;8
12470;26;3
12471;26;8
12472;26;6
12473;26;4
12474;26;10
12475;26;3
12476;26;9
12477;26;4
12478;26;6
12479;26;7
12480;26;9
12481;26;9
12482;26;10
12483;26;6
12484;26;6
12485;26;4
12486;26;6
12487;26;6
12488;26;9
12489;26;3
12490;26;5
12491;26;2
12492;26;10
12493;26;9
12494;26;2
12495;26;6
12496;26;10
12497;26;7
12498;26;12
12499;26;8
12500;26;7
12501;26;11
12502;26;6
12503;26;9
12504;26;8
12505;26;6
12506;26;8
12507;26;7
12508;26;8
12509;26;1
12510;26;6
12511;26;7
12512;26;4
12513;26;7
12514;26;5
12515;26;3
12516;26;5
12517;26;5
12518;26;5
12519;26;4
12520;26;4
12521;26;3
12522;26;10
12523;26;8
12524;26;8
12525;26;8
12526;26;8
12527;26;5
12528;26;3
12529;26;7
12530;26;7
12531;26;5
12532;26;3
12533;26;10
12534;26;9
12535;26;10
12536;26;3
12537;26;4
12538;26;5
12539;26;8
12540;26;6
12541;26;5
12542;26;10
12543;26;5
12544;26;7
12545;26;7
12546;26;8
12547;26;3
12548;26;8
12549;26;5
12550;26;7
12551;26;4
12552;26;7
12553;26;11
12554;26;9
12555;26;7
12556;26;8
12557;26;9
12558;26;7
12559;26;8
12560;26;1
12561;26;4
12562;26;4
12563;26;9
12564;26;6
12565;26;7
12566;26;8
12567;26;12
12568;26;3
12569;26;7
12570;26;8
12571;26;6
12572;26;10
12573;26;6
12574;26;8
12575;26;9
12576;26;6
12577;26;7
12578;26;4
12579;26;2
12580;26;5
12581;26;5
12582;26;7
12583;26;7
12584;26;9
12585;26;6
12586;26;4
12587;26;9
12588;26;4
12589;26;6
12590;26;4
12591;26;4
12592;26;3
12593;26;10
12594;26;3
12595;26;6
12596;26;8
12597;26;7
12598;26;8
12599;26;9
12600;26;7
12601;26;7
12602;26;8
12603;26;3
12604;26;9
12605;26;3
12606;26;9
12607;26;3
12608;26;11
12609;26;5
12610;26;7
12611;26;6
12612;26;7
12613;26;5
12614;26;9
12615;26;4
12616;26;8
12617;26;7
12618;26;7
12619;26;7
12620;26;8
12621;26;7
12622;26;6
12623;26;8
12624;26;4
12625;26;8
12626;26;5
12627;26;5
12628;26;3
12629;26;8
12630;26;4
12631;26;7
12632;26;9
12633;26;5
12634;26;5
12635;26;4
12636;26;7
12637;26;8
12638;26;5
12639;26;4
12640;26;4
12641;26;4
12642;26;7
12643;26;8
12644;26;5
12645;26;9
12646;26;11
12647;26;4
12648;26;10
12649;26;7
12650;26;5
12651;26;7
12652;26;10
12653;26;6
12654;26;9
12655;26;11
12656;26;7
12657;26;7
12658;26;7
12659;26;8
12660;26;3
12661;26;5
12662;26;4
12663;26;6
12664;26;9
12665;26;8
12666;26;5
12667;26;9
12668;26;7
12669;26;6
12670;26;6
12671;26;7
12672;26;4
12673;26;5
12674;26;2
12675;26;3
12676;26;9
12677;26;9
12678;26;7
12679;26;7
12680;26;3
12681;26;5
12682;26;3
12683;26;3
12684;26;8
12685;26;5
12686;26;5
12687;26;7
12688;26;7
12689;26;4
12690;26;9
12691;26;2
12692;26;7
12693;26;8
12694;26;7
12695;26;6
12696;26;6
12697;26;5
12698;26;6
12699;26;9
12700;26;7
12701;26;8
12702;26;5
12703;26;6
12704;26;5
12705;26;8
12706;26;7
12707;26;4
12708;26;9
12709;26;3
12710;26;8
12711;26;6
12712;26;8
12713;26;2
12714;26;4
12715;26;3
12716;26;9
12717;26;6
12718;26;8
12719;26;5
12720;26;15
12721;26;8
12722;26;4
12723;26;12
12724;26;10
12725;26;7
12726;26;7
12727;26;8
12728;26;3
12729;26;6
12730;26;11
12731;26;2
12732;26;7
12733;26;8
12734;26;9
12735;26;4
12736;26;4
12737;26;11
12738;26;7
12739;26;5
12740;26;2
12741;26;5
12742;26;4
12743;26;5
12744;26;9
12745;26;8
12746;26;4
12747;26;5
12748;26;6
12749;26;8
12750;26;7
12751;26;7
12752;26;7
12753;26;6
12754;26;5
12755;26;7
12756;26;9
12757;26;7
12758;26;8
12759;26;7
12760;26;4
12761;26;8
12762;26;5
12763;26;8
12764;26;4
12765;26;4
12766;26;8
12767;26;7
12768;26;5
12769;26;10
12770;26;9
12771;26;5
12772;26;5
12773;26;4
12774;26;4
12775;26;6
12776;26;6
12777;26;3
12778;26;3
12779;26;4
12780;26;2
12781;26;6
12782;26;6
12783;26;6
12784;26;7
12785;26;7
12786;26;9
12787;26;5
12788;26;6
12789;26;5
12790;26;8
12791;26;3
12792;26;6
12793;26;4
12794;26;7
12795;26;6
12796;26;8
12797;26;8
12798;26;9
12799;26;7
12800;26;6
12801;26;6
12802;26;5
12803;26;8
12804;26;6
12805;26;9
12806;26;7
12807;26;6
12808;26;5
12809;26;5
12810;26;7
12811;26;7
12812;26;5
12813;26;13
12814;26;5
12815;26;4
12816;26;3
12817;26;10
12818;26;9
12819;26;7
12820;26;4
12821;26;8
12822;26;8
12823;26;7
12824;26;7
12825;26;5
12826;26;7
12827;26;6
12828;26;10
12829;26;8
12830;26;10
12831;26;7
12832;26;7
12833;26;9
12834;26;4
12835;26;3
12836;26;6
12837;26;4
12838;26;10
12839;26;7
12840;26;7
12841;26;7
12842;26;7
12843;26;3
12844;26;10
12845;26;4
12846;26;4
12847;26;7
12848;26;5
12849;26;9
12850;26;10
12851;26;4
12852;26;7
12853;26;10
12854;26;9
12855;26;4
12856;26;7
12857;26;3
12858;26;10
12859;26;3
12860;26;4
12861;26;7
12862;26;3
12863;26;7
12864;26;8
12865;26;5
12866;26;7
12867;26;5
12868;26;7
12869;26;8
12870;26;6
12871;26;5
12872;26;6
12873;26;7
12874;26;9
12875;26;8
12876;26;7
12877;26;6
12878;26;8
12879;26;9
12880;26;5
12881;26;5
12882;26;8
12883;26;7
12884;26;2
12885;26;5
12886;26;6
12887;26;5
12888;26;8
12889;26;8
12890;26;3
12891;26;9
12892;26;8
12893;26;4
12894;26;7
12895;26;6
12896;26;9
12897;26;4
12898;26;3
12899;26;8
12900;26;4
12901;26;2
12902;26;3
12903;26;5
12904;26;8
12905;26;7
12906;26;7
12907;26;7
12908;26;8
12909;26;7
12910;26;7
12911;26;5
12912;26;8
12913;26;9
12914;26;10
12915;26;8
12916;26;4
12917;26;5
12918;26;4
12919;26;11
12920;26;6
12921;26;3
12922;26;9
12923;26;2
12924;26;5
12925;26;3
12926;26;3
12927;26;7
12928;26;5
12929;26;11
12930;26;5
12931;26;7
12932;26;8
12933;26;7
12934;26;3
12935;26;5
12936;26;11
12937;26;7
12938;26;11
12939;26;6
12940;26;8
12941;26;4
12942;26;5
12943;26;7
12944;26;6
12945;26;7
12946;26;7
12947;26;8
12948;26;3
12949;26;11
12950;26;6
12951;26;5
12952;26;5
12953;26;7
12954;26;5
12955;26;11
12956;26;4
12957;26;4
12958;26;5
12959;26;6
12960;26;5
12961;26;4
12962;26;6
12963;26;2
12964;26;6
12965;26;6
12966;26;8
12967;26;5
12968;26;6
12969;26;7
12970;26;8
12971;26;4
12972;26;6
12973;26;3
12974;26;6
12975;26;9
12976;26;6
12977;26;6
12978;26;8
12979;26;7
12980;26;4
12981;26;8
12982;26;2
12983;26;3
12984;26;6
12985;26;6
12986;26;6
12987;26;8
12988;26;7
12989;26;10
12990;26;12
12991;26;5
12992;26;5
12993;26;7
12994;26;4
12995;26;11
12996;26;3
12997;26;7
12998;26;9
12999;26;7
13000;26;7
13001;26;8
13002;26;7
13003;26;7
13004;26;7
13005;26;4
13006;26;8
13007;26;14
13008;26;4
13009;26;5
13010;26;8
13011;26;6
13012;26;2
13013;26;8
13014;26;8
13015;26;7
13016;26;3
13017;26;9
13018;26;7
13019;26;5
13020;26;4
13021;26;6
13022;26;2
13023;26;6
13024;26;7
13025;26;5
13026;26;4
13027;26;5
13028;26;6
13029;26;6
13030;26;6
13031;26;9
13032;26;5
13033;26;7
13034;26;9
13035;26;8
13036;26;6
13037;26;3
13038;26;10
13039;26;4
13040;26;4
13041;26;5
13042;26;2
13043;26;7
13044;26;5
13045;26;5
13046;26;6
13047;26;4
13048;26;6
13049;26;6
13050;26;5
13051;26;7
13052;26;4
13053;26;6
13054;26;3
13055;26;7
13056;26;8
13057;26;8
13058;26;6
13059;26;12
13060;26;6
13061;26;6
13062;26;8
13063;26;4
13064;26;8
13065;26;5
13066;26;6
13067;26;4
13068;26;5
13069;26;6
13070;26;4
13071;26;5
13072;26;9
13073;26;4
13074;26;9
13075;26;3
13076;26;5
13077;26;5
13078;26;6
13079;26;5
13080;26;6
13081;26;9
13082;26;7
13083;26;7
13084;26;11
13085;26;8
13086;26;10
13087;26;6
13088;26;3
13089;26;5
13090;26;4
13091;26;6
13092;26;4
13093;26;6
13094;26;5
13095;26;4
13096;26;9
13097;26;5
13098;26;6
13099;26;9
13100;26;3
13101;26;8
13102;26;8
13103;26;10
13104;26;6
13105;26;5
13106;26;7
13107;26;8
13108;26;5
13109;26;6
13110;26;4
13111;26;8
13112;26;7
13113;26;5
13114;26;6
13115;26;4
13116;26;7
13117;26;3
13118;26;7
13119;26;7
13120;26;5
13121;26;3
13122;26;8
13123;26;6
13124;26;10
13125;26;11
13126;26;7
13127;26;7
13128;26;7
13129;26;11
13130;26;8
13131;26;9
13132;26;7
13133;26;12
13134;26;3
13135;26;7
13136;26;8
13137;26;10
13138;26;4
13139;26;5
13140;26;7
13141;26;5
13142;26;10
13143;26;7
13144;26;4
13145;26;5
13146;26;9
13147;26;5
13148;26;10
13149;26;4
13150;26;5
13151;26;5
13152;26;11
13153;26;8
13154;26;5
13155;26;7
13156;26;8
13157;26;5
13158;26;4
13159;26;6
13160;26;4
13161;26;6
13162;26;6
13163;26;5
13164;26;12
13165;26;9
13166;26;7
13167;26;11
13168;26;7
13169;26;5
13170;26;8
13171;26;1
13172;26;7
13173;26;4
13174;26;9
13175;26;4
13176;26;5
13177;26;8
13178;26;5
13179;26;8
13180;26;5
13181;26;4
13182;26;7
13183;26;5
13184;26;4
13185;26;6
13186;26;7
13187;26;5
13188;26;8
13189;26;4
13190;26;10
13191;26;7
13192;26;4
13193;26;5
13194;26;8
13195;26;8
13196;26;8
13197;26;4
13198;26;7
13199;26;4
13200;26;7
13201;26;6
13202;26;8
13203;26;4
13204;26;7
13205;26;4
13206;26;7
13207;26;4
13208;26;5
13209;26;9
13210;26;5
13211;26;4
13212;26;8
13213;26;12
13214;26;7
13215;26;5
13216;26;6
13217;26;3
13218;26;5
13219;26;8
13220;26;6
13221;26;9
13222;26;6
13223;26;5
13224;26;7
13225;26;8
13226;26;6
13227;26;7
13228;26;9
13229;26;7
13230;26;4
13231;26;9
13232;26;5
13233;26;7
13234;26;5
13235;26;5
13236;26;9
13237;26;2
13238;26;6
13239;26;5
13240;26;5
13241;26;7
13242;26;7
13243;26;2
13244;26;3
13245;26;7
13246;26;10
13247;26;7
13248;26;6
13249;26;5
13250;26;3
13251;26;11
13252;26;3
13253;26;7
13254;26;10
13255;26;10
13256;26;10
13257;26;6
13258;26;6
13259;26;9
13260;26;11
13261;26;9
13262;26;8
13263;26;6
13264;26;7
13265;26;3
13266;26;6
13267;26;6
13268;26;8
13269;26;6
13270;26;10
13271;26;8
13272;26;9
13273;26;7
13274;26;8
13275;26;7
13276;26;7
13277;26;5
13278;26;3
13279;26;6
13280;26;7
13281;26;10
13282;26;3
13283;26;8
13284;26;10
13285;26;4
13286;26;9
13287;26;6
13288;26;9
13289;26;8
13290;26;5
13291;26;6
13292;26;2
13293;26;7
13294;26;11
13295;26;6
13296;26;4
13297;26;6
13298;26;5
13299;26;2
13300;26;8
13301;26;7
13302;26;6
13303;26;10
13304;26;5
13305;26;5
13306;26;10
13307;26;11
13308;26;8
13309;26;7
13310;26;7
13311;26;10
13312;26;3
13313;26;3
13314;26;8
13315;26;7
13316;26;10
13317;26;6
13318;26;6
13319;26;9
13320;26;5
13321;26;6
13322;26;7
13323;26;9
13324;26;5
13325;26;5
13326;26;10
13327;26;6
13328;26;3
13329;26;1
13330;26;9
13331;26;8
13332;26;6
13333;26;4
13334;26;7
13335;26;10
13336;26;5
13337;26;7
13338;26;5
13339;26;6
13340;26;7
13341;26;5
13342;26;7
13343;26;3
13344;26;9
13345;26;11
13346;26;4
13347;26;6
13348;26;3
13349;26;8
13350;26;6
13351;26;6
13352;26;8
13353;26;8
13354;26;6
13355;26;4
13356;26;6
13357;26;5
13358;26;6
13359;26;6
13360;26;5
13361;26;8
13362;26;4
13363;26;6
13364;26;2
13365;26;11
13366;26;7
13367;26;3
13368;26;5
13369;26;12
13370;26;10
13371;26;7
13372;26;7
13373;26;7
13374;26;8
13375;26;7
13376;26;6
13377;26;9
13378;26;5
13379;26;4
13380;26;8
13381;26;6
13382;26;7
13383;26;10
13384;26;9
13385;26;6
13386;26;4
13387;26;7
13388;26;5
13389;26;4
13390;26;7
13391;26;5
13392;26;6
13393;26;5
13394;26;13
13395;26;3
13396;26;7
13397;26;7
13398;26;4
13399;26;9
13400;26;6
13401;26;8
13402;26;6
13403;26;4
13404;26;2
13405;26;7
13406;26;8
13407;26;4
13408;26;4
13409;26;6
13410;26;8
13411;26;4
13412;26;5
13413;26;5
13414;26;3
13415;26;11
13416;26;9
13417;26;10
13418;26;5
13419;26;6
13420;26;6
13421;26;12
13422;26;8
13423;26;4
13424;26;4
13425;26;7
13426;26;5
13427;26;6
13428;26;6
13429;26;5
13430;26;6
13431;26;6
13432;26;5
13433;26;6
13434;26;10
13435;26;4
13436;26;9
13437;26;4
13438;26;7
13439;26;5
13440;26;3
13441;26;6
13442;26;7
13443;26;3
13444;26;8
13445;26;4
13446;26;8
13447;26;6
13448;26;5
13449;26;5
13450;26;7
13451;26;7
13452;26;6
13453;26;10
13454;26;10
13455;26;4
13456;26;4
13457;26;7
13458;26;6
13459;26;5
13460;26;3
13461;26;8
13462;26;4
13463;26;5
13464;26;8
13465;26;10
13466;26;8
13467;26;8
13468;26;8
13469;26;7
13470;26;7
13471;26;7
13472;26;5
13473;26;6
13474;26;7
13475;26;3
13476;26;4
13477;26;6
13478;26;8
13479;26;8
13480;26;6
13481;26;8
13482;26;10
13483;26;6
13484;26;9
13485;26;8
13486;26;4
13487;26;8
13488;26;9
13489;26;10
13490;26;8
13491;26;6
13492;26;6
13493;26;6
13494;26;5
13495;26;7
13496;26;7
13497;26;8
13498;26;7
13499;26;3
13500;26;5
13501;26;6
13502;26;3
13503;26;4
13504;26;9
13505;26;4
13506;26;10
13507;26;10
13508;26;7
13509;26;10
13510;26;5
13511;26;8
13512;26;9
13513;26;6
13514;26;7
13515;26;7
13516;26;6
13517;26;7
13518;26;8
13519;26;7
13520;26;7
13521;26;6
13522;26;6
13523;26;9
13524;26;11
13525;26;5
13526;26;8
13527;26;4
13528;26;7
13529;26;10
13530;26;9
13531;26;3
13532;26;9
13533;26;5
13534;26;5
13535;26;3
13536;26;10
13537;26;7
13538;26;8
13539;26;6
13540;26;4
13541;26;5
13542;26;9
13543;26;3
13544;26;7
13545;26;7
13546;26;5
13547;26;8
13548;26;5
13549;26;7
13550;26;7
13551;26;7
13552;26;6
13553;26;10
13554;26;5
13555;26;5
13556;26;4
13557;26;12
13558;26;5
13559;26;7
13560;26;6
13561;26;9
13562;26;8
13563;26;6
13564;26;5
13565;26;8
13566;26;7
13567;26;10
13568;26;5
13569;26;3
13570;26;4
13571;26;8
13572;26;6
13573;26;3
13574;26;8
13575;26;4
13576;26;7
13577;26;3
13578;26;5
13579;26;5
13580;26;4
13581;26;8
13582;26;4
13583;26;8
13584;26;5
13585;26;9
13586;26;7
13587;26;8
13588;26;8
13589;26;7
13590;26;6
13591;26;6
13592;26;4
13593;26;6
13594;26;5
13595;26;7
13596;26;8
13597;26;8
13598;26;4
13599;26;5
13600;26;5
13601;26;5
13602;26;7
13603;26;8
13604;26;11
13605;26;7
13606;26;6
13607;26;10
13608;26;8
13609;26;6
13610;26;5
13611;26;4
13612;26;7
13613;26;6
13614;26;4
13615;26;7
13616;26;8
13617;26;4
13618;26;7
13619;26;4
13620;26;8
13621;26;8
13622;26;10
13623;26;6
13624;26;5
13625;26;7
13626;26;6
13627;26;4
13628;26;8
13629;26;7
13630;26;7
13631;26;8
13632;26;6
13633;26;7
13634;26;8
13635;26;5
13636;26;6
13637;26;6
13638;26;7
13639;26;7
13640;26;10
13641;26;7
13642;26;6
13643;26;5
13644;26;7
13645;26;8
13646;26;5
13647;26;5
13648;26;7
13649;26;9
13650;26;3
13651;26;7
13652;26;6
13653;26;8
13654;26;5
13655;26;3
13656;26;7
13657;26;4
13658;26;6
13659;26;8
13660;26;8
13661;26;5
13662;26;11
13663;26;8
13664;26;2
13665;26;3
13666;26;7
13667;26;8
13668;26;9
13669;26;7
13670;26;8
13671;26;5
13672;26;2
13673;26;8
13674;26;6
13675;26;6
13676;26;4
13677;26;5
13678;26;5
13679;26;4
13680;26;8
13681;26;6
13682;26;8
13683;26;6
13684;26;6
13685;26;8
13686;26;4
13687;26;6
13688;26;8
13689;26;5
13690;26;3
13691;26;3
13692;26;7
13693;26;7
13694;26;4
13695;26;12
13696;26;9
13697;26;8
13698;26;6
13699;26;6
13700;26;7
13701;26;7
13702;26;7
13703;26;6
13704;26;5
13705;26;4
13706;26;4
13707;26;6
13708;26;8
13709;26;4
13710;26;13
13711;26;7
13712;26;6
13713;26;5
13714;26;7
13715;26;7
13716;26;8
13717;26;7
13718;26;9
13719;26;9
13720;26;10
13721;26;2
13722;26;3
13723;26;5
13724;26;8
13725;26;10
13726;26;6
13727;26;5
13728;26;16
13729;26;6
13730;26;5
13731;26;3
13732;26;8
13733;26;7
13734;26;11
13735;26;5
13736;26;4
13737;26;10
13738;26;7
13739;26;2
13740;26;6
13741;26;3
13742;26;12
13743;26;3
13744;26;5
13745;26;10
13746;26;11
13747;26;8
13748;26;9
13749;26;7
13750;26;4
13751;26;7
13752;26;10
13753;26;7
13754;26;6
13755;26;8
13756;26;9
13757;26;6
13758;26;4
13759;26;6
13760;26;7
13761;26;4
13762;26;9
13763;26;4
13764;26;6
13765;26;9
13766;26;7
13767;26;8
13768;26;6
13769;26;8
13770;26;10
13771;26;7
13772;26;9
13773;26;8
13774;26;8
13775;26;2
13776;26;6
13777;26;8
13778;26;8
13779;26;6
13780;26;5
13781;26;6
13782;26;5
13783;26;2
13784;26;14
13785;26;7
13786;26;4
13787;26;5
13788;26;2
13789;26;8
13790;26;9
13791;26;5
13792;26;5
13793;26;3
13794;26;8
13795;26;9
13796;26;5
13797;26;9
13798;26;3
13799;26;8
13800;26;7
13801;26;6
13802;26;4
13803;26;6
13804;26;7
13805;26;8
13806;26;9
13807;26;10
13808;26;4
13809;26;7
13810;26;5
13811;26;5
13812;26;6
13813;26;10
13814;26;7
13815;26;8
13816;26;4
13817;26;9
13818;26;5
13819;26;7
13820;26;8
13821;26;6
13822;26;3
13823;26;4
13824;26;4
13825;26;2
13826;26;5
13827;26;3
13828;26;7
13829;26;6
13830;26;7
13831;26;6
13832;26;5
13833;26;6
13834;26;10
13835;26;7
13836;26;4
13837;26;10
13838;26;5
13839;26;7
13840;26;9
13841;26;2
13842;26;3
13843;26;4
13844;26;4
13845;26;5
13846;26;11
13847;26;2
13848;26;8
13849;26;6
13850;26;7
13851;26;7
13852;26;12
13853;26;8
13854;26;7
13855;26;7
13856;26;5
13857;26;8
13858;26;6
13859;26;8
13860;26;5
13861;26;7
13862;26;4
13863;26;8
13864;26;7
13865;26;10
13866;26;4
13867;26;4
13868;26;7
13869;26;7
13870;26;7
13871;26;5
13872;26;7
13873;26;9
13874;26;6
13875;26;7
13876;26;6
13877;26;8
13878;26;3
13879;26;11
13880;26;5
13881;26;5
13882;26;5
13883;26;5
13884;26;6
13885;26;7
13886;26;5
13887;26;6
13888;26;7
13889;26;10
13890;26;6
13891;26;4
13892;26;4
13893;26;9
13894;26;6
13895;26;12
13896;26;9
13897;26;6
13898;26;6
13899;26;8
13900;26;8
13901;26;6
13902;26;6
13903;26;4
13904;26;9
13905;26;3
13906;26;6
13907;26;8
13908;26;10
13909;26;8
13910;26;8
13911;26;5
13912;26;8
13913;26;4
13914;26;4
13915;26;6
13916;26;7
13917;26;5
13918;26;9
13919;26;7
13920;26;6
13921;26;5
13922;26;4
13923;26;6
13924;26;9
13925;26;13
13926;26;5
13927;26;8
13928;26;3
13929;26;8
13930;26;6
13931;26;5
13932;26;7
13933;26;3
13934;26;7
13935;26;5
13936;26;5
13937;26;8
13938;26;6
13939;26;3
13940;26;6
13941;26;8
13942;26;8
13943;26;5
13944;26;9
13945;26;6
13946;26;4
13947;26;6
13948;26;9
13949;26;5
13950;26;6
13951;26;5
13952;26;12
13953;26;6
13954;26;7
13955;26;4
13956;26;3
13957;26;6
13958;26;7
13959;26;5
13960;26;2
13961;26;5
13962;26;10
13963;26;5
13964;26;7
13965;26;8
13966;26;5
13967;26;10
13968;26;3
13969;26;6
13970;26;7
13971;26;7
13972;26;8
13973;26;5
13974;26;6
13975;26;13
13976;26;8
13977;26;3
13978;26;3
13979;26;6
13980;26;7
13981;26;7
13982;26;5
13983;26;10
13984;26;8
13985;26;7
13986;26;10
13987;26;5
13988;26;4
13989;26;9
13990;26;4
13991;26;8
13992;26;4
13993;26;8
13994;26;4
13995;26;9
13996;26;2
13997;26;4
13998;26;8
13999;26;6
14000;26;5
14001;26;3
14002;26;12
14003;26;8
14004;26;4
14005;26;3
14006;26;7
14007;26;5
14008;26;9
14009;26;6
14010;26;5
14011;26;7
14012;26;5
14013;26;5
14014;26;6
14015;26;6
14016;26;3
14017;26;5
14018;26;8
14019;26;5
14020;26;4
14021;26;3
14022;26;6
14023;26;8
14024;26;5
14025;26;5
14026;26;8
14027;26;8
14028;26;6
14029;26;6
14030;26;8
14031;26;5
14032;26;4
14033;26;9
14034;26;10
14035;26;9
14036;26;6
14037;26;4
14038;26;6
14039;26;5
14040;26;9
14041;26;11
14042;26;10
14043;26;5
14044;26;7
14045;26;5
14046;26;8
14047;26;10
14048;26;3
14049;26;9
14050;26;6
14051;26;4
14052;26;9
14053;26;9
14054;26;4
14055;26;6
14056;26;11
14057;26;8
14058;26;6
14059;26;3
14060;26;3
14061;26;5
14062;26;6
14063;26;8
14064;26;3
14065;26;6
14066;26;7
14067;26;3
14068;26;9
14069;26;8
14070;26;3
14071;26;8
14072;26;3
14073;26;6
14074;26;4
14075;26;5
14076;26;5
14077;26;6
14078;26;8
14079;26;5
14080;26;10
14081;26;8
14082;26;3
14083;26;3
14084;26;4
14085;26;6
14086;26;12
14087;26;8
14088;26;7
14089;26;5
14090;26;10
14091;26;6
14092;26;3
14093;26;6
14094;26;8
14095;26;9
14096;26;6
14097;26;6
14098;26;7
14099;26;6
14100;26;7
14101;26;7
14102;26;9
14103;26;6
14104;26;8
14105;26;7
14106;26;7
14107;26;7
14108;26;5
14109;26;7
14110;26;3
14111;26;11
14112;26;7
14113;26;7
14114;26;5
14115;26;6
14116;26;7
14117;26;9
14118;26;3
14119;26;4
14120;26;8
14121;26;6
14122;26;2
14123;26;5
14124;26;7
14125;26;4
14126;26;7
14127;26;5
14128;26;10
14129;26;4
14130;26;9
14131;26;10
14132;26;6
14133;26;6
14134;26;7
14135;26;7
14136;26;8
14137;26;7
14138;26;9
14139;26;4
14140;26;8
14141;26;6
14142;26;8
14143;26;6
14144;26;5
14145;26;5
14146;26;11
14147;26;4
14148;26;5
14149;26;3
14150;26;4
14151;26;8
14152;26;8
14153;26;6
14154;26;7
14155;26;9
14156;26;5
14157;26;5
14158;26;4
14159;26;3
14160;26;9
14161;26;7
14162;26;7
14163;26;4
14164;26;7
14165;26;5
14166;26;8
14167;26;4
14168;26;6
14169;26;4
14170;26;7
14171;26;10
14172;26;10
14173;26;7
14174;26;8
14175;26;3
14176;26;6
14177;26;4
14178;26;9
14179;26;7
14180;26;6
14181;26;8
14182;26;3
14183;26;4
14184;26;3
14185;26;8
14186;26;8
14187;26;7
14188;26;8
14189;26;9
14190;26;7
14191;26;1
14192;26;5
14193;26;6
14194;26;8
14195;26;7
14196;26;8
14197;26;6
14198;26;9
14199;26;8
14200;26;4
14201;26;4
14202;26;7
14203;26;5
14204;26;9
14205;26;2
14206;26;5
14207;26;7
14208;26;6
14209;26;10
14210;26;5
14211;26;5
14212;26;10
14213;26;7
14214;26;9
14215;26;7
14216;26;6
14217;26;3
14218;26;9
14219;26;3
14220;26;5
14221;26;7
14222;26;8
14223;26;5
14224;26;6
14225;26;7
14226;26;6
14227;26;9
14228;26;4
14229;26;11
14230;26;5
14231;26;9
14232;26;6
14233;26;5
14234;26;3
14235;26;6
14236;26;9
14237;26;6
14238;26;9
14239;26;8
14240;26;5
14241;26;8
14242;26;3
14243;26;10
14244;26;6
14245;26;9
14246;26;7
14247;26;6
14248;26;6
14249;26;7
14250;26;7
14251;26;7
14252;26;9
14253;26;7
14254;26;7
14255;26;6
14256;26;9
14257;26;7
14258;26;9
14259;26;7
14260;26;3
14261;26;7
14262;26;7
14263;26;7
14264;26;8
14265;26;7
14266;26;8
14267;26;3
14268;26;7
14269;26;7
14270;26;5
14271;26;6
14272;26;7
14273;26;8
14274;26;2
14275;26;6
14276;26;11
14277;26;8
14278;26;8
14279;26;9
14280;26;9
14281;26;7
14282;26;5
14283;26;10
14284;26;6
14285;26;5
14286;26;4
14287;26;5
14288;26;3
14289;26;1
14290;26;6
14291;26;3
14292;26;10
14293;26;5
14294;26;11
14295;26;2
14296;26;11
14297;26;7
14298;26;8
14299;26;9
14300;26;11
14301;26;6
14302;26;7
14303;26;7
14304;26;2
14305;26;5
14306;26;7
14307;26;4
14308;26;4
14309;26;5
14310;26;10
14311;26;5
14312;26;7
14313;26;5
14314;26;7
14315;26;3
14316;26;7
14317;26;8
14318;26;6
14319;26;3
14320;26;4
14321;26;3
14322;26;8
14323;26;1
14324;26;8
14325;26;4
14326;26;6
14327;26;11
14328;26;7
14329;26;5
14330;26;5
14331;26;4
14332;26;4
14333;26;7
14334;26;5
14335;26;9
14336;26;6
14337;26;7
14338;26;9
14339;26;2
14340;26;3
14341;26;7
14342;26;5
14343;26;8
14344;26;4
14345;26;7
14346;26;8
14347;26;2
14348;26;3
14349;26;5
14350;26;5
14351;26;7
14352;26;6
14353;26;10
14354;26;9
14355;26;6
14356;26;7
14357;26;6
14358;26;3
14359;26;5
14360;26;2
14361;26;5
14362;26;1
14363;26;6
14364;26;6
14365;26;6
14366;26;7
14367;26;7
14368;26;7
14369;26;10
14370;26;10
14371;26;6
14372;26;9
14373;26;6
14374;26;9
14375;26;12
14376;26;6
14377;26;6
14378;26;6
14379;26;3
14380;26;7
14381;26;8
14382;26;5
14383;26;7
14384;26;4
14385;26;7
14386;26;5
14387;26;5
14388;26;7
14389;26;9
14390;26;10
14391;26;7
14392;26;6
14393;26;2
14394;26;6
14395;26;6
14396;26;9
14397;26;9
14398;26;11
14399;26;8
14400;26;5
14401;26;7
14402;26;8
14403;26;6
14404;26;5
14405;26;8
14406;26;6
14407;26;9
14408;26;6
14409;26;6
14410;26;8
14411;26;5
14412;26;7
14413;26;4
14414;26;5
14415;26;9
14416;26;4
14417;26;8
14418;26;4
14419;26;7
14420;26;10
14421;26;5
14422;26;5
14423;26;12
14424;26;7
14425;26;7
14426;26;6
14427;26;7
14428;26;6
14429;26;7
14430;26;4
14431;26;5
14432;26;6
14433;26;7
14434;26;5
14435;26;8
14436;26;5
14437;26;7
14438;26;7
14439;26;3
14440;26;6
14441;26;9
14442;26;8
14443;26;9
14444;26;8
14445;26;6
14446;26;6
14447;26;8
14448;26;6
14449;26;6
14450;26;3
14451;26;9
14452;26;5
14453;26;3
14454;26;9
14455;26;11
14456;26;9
14457;26;6
14458;26;6
14459;26;8
14460;26;5
14461;26;7
14462;26;8
14463;26;4
14464;26;10
14465;26;9
14466;26;5
14467;26;9
14468;26;8
14469;26;8
14470;26;7
14471;26;12
14472;26;9
14473;26;3
14474;26;8
14475;26;4
14476;26;7
14477;26;9
14478;26;7
14479;26;4
14480;26;5
14481;26;7
14482;26;8
14483;26;6
14484;26;11
14485;26;10
14486;26;8
14487;26;8
14488;26;8
14489;26;3
14490;26;3
14491;26;9
14492;26;8
14493;26;3
14494;26;3
14495;26;5
14496;26;11
14497;26;5
14498;26;9
14499;26;4
14500;26;5
14501;26;7
14502;26;5
14503;26;8
14504;26;7
14505;26;9
14506;26;6
14507;26;5
14508;26;7
14509;26;8
14510;26;2
14511;26;6
14512;26;4
14513;26;10
14514;26;9
14515;26;7
14516;26;5
14517;26;8
14518;26;4
14519;26;7
14520;26;6
14521;26;3
14522;26;6
14523;26;4
14524;26;5
14525;26;4
14526;26;6
14527;26;7
14528;26;4
14529;26;4
14530;26;6
14531;26;5
14532;26;8
14533;26;5
14534;26;7
14535;26;10
14536;26;8
14537;26;10
14538;26;7
14539;26;4
14540;26;9
14541;26;7
14542;26;4
14543;26;4
14544;26;8
14545;26;6
14546;26;2
14547;26;5
14548;26;4
14549;26;8
14550;26;2
14551;26;7
14552;26;4
14553;26;4
14554;26;8
14555;26;7
14556;26;7
14557;26;10
14558;26;8
14559;26;3
14560;26;3
14561;26;6
14562;26;8
14563;26;4
14564;26;6
14565;26;5
14566;26;8
14567;26;3
14568;26;6
14569;26;11
14570;26;4
14571;26;8
14572;26;8
14573;26;6
14574;26;9
14575;26;7
14576;26;6
14577;26;9
14578;26;8
14579;26;4
14580;26;3
14581;26;7
14582;26;9
14583;26;6
14584;26;4
14585;26;10
14586;26;7
14587;26;7
14588;26;10
14589;26;4
14590;26;7
14591;26;6
14592;26;4
14593;26;5
14594;26;6
14595;26;4
14596;26;5
14597;26;5
14598;26;6
14599;26;8
14600;26;9
14601;26;7
14602;26;9
14603;26;7
14604;26;5
14605;26;9
14606;26;7
14607;26;6
14608;26;2
14609;26;10
14610;26;7
14611;26;6
14612;26;10
14613;26;7
14614;26;8
14615;26;4
14616;26;5
14617;26;4
14618;26;6
14619;26;6
14620;26;5
14621;26;4
14622;26;5
14623;26;9
14624;26;7
14625;26;5
14626;26;9
14627;26;6
14628;26;10
14629;26;5
14630;26;4
14631;26;4
14632;26;3
14633;26;7
14634;26;6
14635;26;7
14636;26;9
14637;26;2
14638;26;6
14639;26;10
14640;26;5
14641;26;9
14642;26;9
14643;26;6
14644;26;8
14645;26;4
14646;26;3
14647;26;5
14648;26;7
14649;26;7
14650;26;10
14651;26;8
14652;26;8
14653;26;5
14654;26;6
14655;26;5
14656;26;6
14657;26;8
14658;26;3
14659;26;8
14660;26;6
14661;26;5
14662;26;7
14663;26;6
14664;26;4
14665;26;6
14666;26;7
14667;26;4
14668;26;8
14669;26;6
14670;26;7
14671;26;5
14672;26;9
14673;26;8
14674;26;4
14675;26;7
14676;26;7
14677;26;3
14678;26;7
14679;26;7
14680;26;3
14681;26;6
14682;26;3
14683;26;6
14684;26;6
14685;26;8
14686;26;6
14687;26;2
14688;26;6
14689;26;7
14690;26;9
14691;26;7
14692;26;8
14693;26;4
14694;26;6
14695;26;9
14696;26;9
14697;26;7
14698;26;8
14699;26;10
14700;26;11
14701;26;8
14702;26;9
14703;26;3
14704;26;7
14705;26;8
14706;26;13
14707;26;6
14708;26;9
14709;26;5
14710;26;11
14711;26;5
14712;26;6
14713;26;9
14714;26;5
14715;26;4
14716;26;6
14717;26;2
14718;26;8
14719;26;10
14720;26;5
14721;26;6
14722;26;6
14723;26;6
14724;26;8
14725;26;4
14726;26;9
14727;26;6
14728;26;5
14729;26;9
14730;26;10
14731;26;4
14732;26;6
14733;26;6
14734;26;3
14735;26;5
14736;26;4
14737;26;4
14738;26;5
14739;26;8
14740;26;5
14741;26;5
14742;26;4
14743;26;5
14744;26;3
14745;26;4
14746;26;8
14747;26;4
14748;26;5
14749;26;7
14750;26;4
14751;26;7
14752;26;8
14753;26;4
14754;26;8
14755;26;4
14756;26;4
14757;26;5
14758;26;8
14759;26;6
14760;26;2
14761;26;8
14762;26;4
14763;26;7
14764;26;4
14765;26;4
14766;26;7
14767;26;8
14768;26;10
14769;26;6
14770;26;6
14771;26;5
14772;26;4
14773;26;8
14774;26;9
14775;26;7
14776;26;9
14777;26;9
14778;26;7
14779;26;6
14780;26;4
14781;26;3
14782;26;13
14783;26;9
14784;26;3
14785;26;6
14786;26;9
14787;26;6
14788;26;6
14789;26;4
14790;26;6
14791;26;6
14792;26;6
14793;26;5
14794;26;7
14795;26;4
14796;26;6
14797;26;5
14798;26;8
14799;26;6
14800;26;4
14801;26;5
14802;26;9
14803;26;5
14804;26;6
14805;26;7
14806;26;7
14807;26;7
14808;26;9
14809;26;7
14810;26;8
14811;26;7
14812;26;5
14813;26;10
14814;26;8
14815;26;5
14816;26;9
14817;26;8
14818;26;10
14819;26;6
14820;26;3
14821;26;8
14822;26;6
14823;26;5
14824;26;5
14825;26;4
14826;26;8
14827;26;7
14828;26;10
14829;26;4
14830;26;7
14831;26;10
14832;26;6
14833;26;7
14834;26;5
14835;26;4
14836;26;5
14837;26;6
14838;26;4
14839;26;11
14840;26;9
14841;26;4
14842;26;10
14843;26;9
14844;26;12
14845;26;7
14846;26;9
14847;26;8
14848;26;7
14849;26;8
14850;26;10
14851;26;10
14852;26;5
14853;26;6
14854;26;7
14855;26;4
14856;26;4
14857;26;4
14858;26;8
14859;26;5
14860;26;7
14861;26;8
14862;26;5
14863;26;6
14864;26;5
14865;26;9
14866;26;8
14867;26;6
14868;26;6
14869;26;4
14870;26;6
14871;26;6
14872;26;9
14873;26;6
14874;26;5
14875;26;6
14876;26;7
14877;26;10
14878;26;7
14879;26;7
14880;26;6
14881;26;4
14882;26;5
14883;26;8
14884;26;5
14885;26;8
14886;26;13
14887;26;4
14888;26;8
14889;26;7
14890;26;6
14891;26;6
14892;26;6
14893;26;4
14894;26;9
14895;26;7
14896;26;7
14897;26;8
14898;26;6
14899;26;5
14900;26;5
14901;26;9
14902;26;7
14903;26;6
14904;26;5
14905;26;5
14906;26;8
14907;26;6
14908;26;10
14909;26;4
14910;26;10
14911;26;10
14912;26;12
14913;26;9
14914;26;5
14915;26;8
14916;26;6
14917;26;8
14918;26;5
14919;26;6
14920;26;6
14921;26;8
14922;26;9
14923;26;7
14924;26;8
14925;26;3
14926;26;5
14927;26;6
14928;26;2
14929;26;9
14930;26;5
14931;26;3
14932;26;3
14933;26;7
14934;26;3
14935;26;6
14936;26;7
14937;26;5
14938;26;5
14939;26;8
14940;26;5
14941;26;7
14942;26;4
14943;26;10
14944;26;7
14945;26;9
14946;26;6
14947;26;6
14948;26;10
14949;26;8
14950;26;7
14951;26;7
14952;26;2
14953;26;6
14954;26;5
14955;26;7
14956;26;7
14957;26;7
14958;26;6
14959;26;7
14960;26;10
14961;26;6
14962;26;8
14963;26;3
14964;26;5
14965;26;7
14966;26;9
14967;26;5
14968;26;7
14969;26;8
14970;26;5
14971;26;6
14972;26;8
14973;26;5
14974;26;5
14975;26;5
14976;26;7
14977;26;6
14978;26;8
14979;26;5
14980;26;8
14981;26;7
14982;26;7
14983;26;4
14984;26;6
14985;26;6
14986;26;3
14987;26;4
14988;26;6
14989;26;7
14990;26;6
14991;26;9
14992;26;8
14993;26;7
14994;26;7
14995;26;5
14996;26;10
14997;26;5
14998;26;4
14999;26;6
15000;26;6